Name,URL
Aaron Riley,https://en.wikipedia.org/wiki/Aaron_Riley
Aaron Rosa,https://en.wikipedia.org/wiki/Aaron_Rosa
Aaron Simpson,https://en.wikipedia.org/wiki/Aaron_Simpson_(fighter)
Abel Trujillo,https://en.wikipedia.org/wiki/Abel_Trujillo
Adlan Amagov,https://en.wikipedia.org/wiki/Adlan_Amagov
Adriano Martins,https://en.wikipedia.org/wiki/Adriano_Martins_(fighter)
Akihiro Gono,https://en.wikipedia.org/wiki/Akihiro_Gono
Akira Corassani,https://en.wikipedia.org/wiki/Akira_Corassani
Al Iaquinta,https://en.wikipedia.org/wiki/Al_Iaquinta
Alan Belcher,https://en.wikipedia.org/wiki/Alan_Belcher
Alan Jouban,https://en.wikipedia.org/wiki/Alan_Jouban
Alan Patrick,https://en.wikipedia.org/wiki/Alan_Patrick_(fighter)
Albert Tumenov,https://en.wikipedia.org/wiki/Albert_Tumenov
Alberto Crane,https://en.wikipedia.org/wiki/Alberto_Crane
Alejandro Pérez,https://en.wikipedia.org/wiki/Alejandro_Pérez_(fighter)
Alessio Di Chirico,https://en.wikipedia.org/wiki/Alessio_Di_Chirico
Alessio Sakara,https://en.wikipedia.org/wiki/Alessio_Sakara
Alex Andrade,https://en.wikipedia.org/wiki/Alex_Andrade
Alex Caceres,https://en.wikipedia.org/wiki/Alex_Caceres
Alex Garcia,https://en.wikipedia.org/wiki/Alex_Garcia_(fighter)
Alex Karalexis,https://en.wikipedia.org/wiki/Alex_Karalexis
Alex Stiebling,https://en.wikipedia.org/wiki/Alex_Stiebling
Alex White,https://en.wikipedia.org/wiki/Alex_White_(fighter)
Alexander Gustafsson,https://en.wikipedia.org/wiki/Alexander_Gustafsson
Alexander Volkanovski,https://en.wikipedia.org/wiki/Alexander_Volkanovski
Alexander Yakovlev,https://en.wikipedia.org/wiki/Alexander_Yakovlev_(fighter)
Alexandre Dantas,https://en.wikipedia.org/wiki/Alexandre_Dantas
Alexandre Ferreira,https://en.wikipedia.org/wiki/Alexandre_Ferreira_(fighter)
Alexey Oleinik,https://en.wikipedia.org/wiki/Alexey_Oleinik
Ali Bagautinov,https://en.wikipedia.org/wiki/Ali_Bagautinov
Alistair Overeem,https://en.wikipedia.org/wiki/Alistair_Overeem
Aljamain Sterling,https://en.wikipedia.org/wiki/Aljamain_Sterling
Allan Goes,https://en.wikipedia.org/wiki/Allan_Goes
Alptekin Özkiliç,https://en.wikipedia.org/wiki/Alptekin_Özkiliç
Alvin Robinson,https://en.wikipedia.org/wiki/Alvin_Robinson
Amar Suloev,https://en.wikipedia.org/wiki/Amar_Suloev
Amir Sadollah,https://en.wikipedia.org/wiki/Amir_Sadollah
Anderson Silva,https://en.wikipedia.org/wiki/Anderson_Silva
Andre Fili,https://en.wikipedia.org/wiki/Andre_Fili
Andre Roberts,https://en.wikipedia.org/wiki/Andre_Roberts
Andre Winner,https://en.wikipedia.org/wiki/Andre_Winner
Andrei Arlovski,https://en.wikipedia.org/wiki/Andrei_Arlovski
Andrei Semenov,https://en.wikipedia.org/wiki/Andrei_Semenov_(fighter)
Andrew Craig,https://en.wikipedia.org/wiki/Andrew_Craig_(fighter)
Andrew Holbrook,https://en.wikipedia.org/wiki/Andrew_Holbrook
André Pederneiras,https://en.wikipedia.org/wiki/André_Pederneiras
Andy Ogle,https://en.wikipedia.org/wiki/Andy_Ogle
Anthony Hamilton,https://en.wikipedia.org/wiki/Anthony_Hamilton_(fighter)
Anthony Johnson,https://en.wikipedia.org/wiki/Anthony_Johnson_(fighter)
Anthony Lapsley,https://en.wikipedia.org/wiki/Anthony_Lapsley
Anthony Macias,https://en.wikipedia.org/wiki/Anthony_Macias
Anthony Njokuani,https://en.wikipedia.org/wiki/Anthony_Njokuani
Anthony Perosh,https://en.wikipedia.org/wiki/Anthony_Perosh
Anthony Pettis,https://en.wikipedia.org/wiki/Anthony_Pettis
Anthony Smith,https://en.wikipedia.org/wiki/Anthony_Smith_(fighter)
Anton Kuivanen,https://en.wikipedia.org/wiki/Anton_Kuivanen
Antoni Hardonk,https://en.wikipedia.org/wiki/Antoni_Hardonk
Antonio Banuelos,https://en.wikipedia.org/wiki/Antonio_Banuelos
Antonio Braga Neto,https://en.wikipedia.org/wiki/Antonio_Braga_Neto
Antonio Carvalho,https://en.wikipedia.org/wiki/Antonio_Carvalho
Antonio McKee,https://en.wikipedia.org/wiki/Antonio_McKee
Antônio Carlos Júnior,https://en.wikipedia.org/wiki/Antônio_Carlos_Júnior
Antônio Rodrigo Nogueira,https://en.wikipedia.org/wiki/Antônio_Rodrigo_Nogueira
Antônio Rogério Nogueira,https://en.wikipedia.org/wiki/Antônio_Rogério_Nogueira
Antônio Silva,https://en.wikipedia.org/wiki/Antônio_Silva_(fighter)
Art Jimmerson,https://en.wikipedia.org/wiki/Art_Jimmerson
Ashkan Mokhtarian,https://en.wikipedia.org/wiki/Ashkan_Mokhtarian
Assuerio Silva,https://en.wikipedia.org/wiki/Assuerio_Silva
Augusto Montaño,https://en.wikipedia.org/wiki/Augusto_Montaño
B.J. Penn,https://en.wikipedia.org/wiki/B.J._Penn
Bart Palaszewski,https://en.wikipedia.org/wiki/Bart_Palaszewski
Bas Rutten,https://en.wikipedia.org/wiki/Bas_Rutten
Ben Alloway,https://en.wikipedia.org/wiki/Ben_Alloway
Ben Rothwell,https://en.wikipedia.org/wiki/Ben_Rothwell
Ben Saunders,https://en.wikipedia.org/wiki/Ben_Saunders_(fighter)
Beneil Dariush,https://en.wikipedia.org/wiki/Beneil_Dariush
Benji Radach,https://en.wikipedia.org/wiki/Benji_Radach
Benson Henderson,https://en.wikipedia.org/wiki/Benson_Henderson_(fighter)
Bob Gilstrap,https://en.wikipedia.org/wiki/Bob_Gilstrap
Bobby Green,https://en.wikipedia.org/wiki/Bobby_Green_(fighter)
Bobby Hoffman,https://en.wikipedia.org/wiki/Bobby_Hoffman
Bobby Southworth,https://en.wikipedia.org/wiki/Bobby_Southworth
Bobby Voelker,https://en.wikipedia.org/wiki/Bobby_Voelker
Bojan Veličković,https://en.wikipedia.org/wiki/Bojan_Veličković
Brad Blackburn,https://en.wikipedia.org/wiki/Brad_Blackburn
Brad Imes,https://en.wikipedia.org/wiki/Brad_Imes
Brad Kohler,https://en.wikipedia.org/wiki/Brad_Kohler
Brad Pickett,https://en.wikipedia.org/wiki/Brad_Pickett
Brad Scott,https://en.wikipedia.org/wiki/Brad_Scott_(fighter)
Brad Tavares,https://en.wikipedia.org/wiki/Brad_Tavares
Branden Lee Hinkle,https://en.wikipedia.org/wiki/Branden_Lee_Hinkle
Brandon Thatch,https://en.wikipedia.org/wiki/Brandon_Thatch
Brandon Vera,https://en.wikipedia.org/wiki/Brandon_Vera
Brandon Wolff,https://en.wikipedia.org/wiki/Brandon_Wolff_(fighter)
Brendan Schaub,https://en.wikipedia.org/wiki/Brendan_Schaub
Brett Johns,https://en.wikipedia.org/wiki/Brett_Johns
Brian Bowles,https://en.wikipedia.org/wiki/Brian_Bowles_(fighter)
Brian Camozzi,https://en.wikipedia.org/wiki/Brian_Camozzi
Brian Ebersole,https://en.wikipedia.org/wiki/Brian_Ebersole
Brian Foster,https://en.wikipedia.org/wiki/Brian_Foster_(fighter)
Brian Gassaway,https://en.wikipedia.org/wiki/Brian_Gassaway
Brian Johnston,https://en.wikipedia.org/wiki/Brian_Johnston_(fighter)
Brian Melancon,https://en.wikipedia.org/wiki/Brian_Melancon
Brian Ortega,https://en.wikipedia.org/wiki/Brian_Ortega
Brian Stann,https://en.wikipedia.org/wiki/Brian_Stann
Bristol Marunde,https://en.wikipedia.org/wiki/Bristol_Marunde
Brock Larson,https://en.wikipedia.org/wiki/Brock_Larson
Brock Lesnar,https://en.wikipedia.org/wiki/Brock_Lesnar
Brodie Farber,https://en.wikipedia.org/wiki/Brodie_Farber
Bruno Santos,https://en.wikipedia.org/wiki/Bruno_Santos_(fighter)
Bryan Barberena,https://en.wikipedia.org/wiki/Bryan_Barberena
Bryan Caraway,https://en.wikipedia.org/wiki/Bryan_Caraway
C.B. Dollaway,https://en.wikipedia.org/wiki/C.B._Dollaway
CM Punk,https://en.wikipedia.org/wiki/CM_Punk
Cain Velasquez,https://en.wikipedia.org/wiki/Cain_Velasquez
Caio Magalhães,https://en.wikipedia.org/wiki/Caio_Magalhães
Cal Worsham,https://en.wikipedia.org/wiki/Cal_Worsham
Cale Yarbrough,https://en.wikipedia.org/wiki/Cale_Yarbrough
Caol Uno,https://en.wikipedia.org/wiki/Caol_Uno
Carlo Prater,https://en.wikipedia.org/wiki/Carlo_Prater
Carlos Barreto,https://en.wikipedia.org/wiki/Carlos_Barreto_(fighter)
Carlos Condit,https://en.wikipedia.org/wiki/Carlos_Condit
Carlos Diego Ferreira,https://en.wikipedia.org/wiki/Carlos_Diego_Ferreira
Carlos Eduardo Rocha,https://en.wikipedia.org/wiki/Carlos_Eduardo_Rocha
Carlos Newton,https://en.wikipedia.org/wiki/Carlos_Newton
Carmelo Marrero,https://en.wikipedia.org/wiki/Carmelo_Marrero
Caros Fodor,https://en.wikipedia.org/wiki/Caros_Fodor
Cathal Pendred,https://en.wikipedia.org/wiki/Cathal_Pendred
Cezar Ferreira,https://en.wikipedia.org/wiki/Cezar_Ferreira
Chad Griggs,https://en.wikipedia.org/wiki/Chad_Griggs
Chad Laprise,https://en.wikipedia.org/wiki/Chad_Laprise
Chad Mendes,https://en.wikipedia.org/wiki/Chad_Mendes
Chad Reiner,https://en.wikipedia.org/wiki/Chad_Reiner
Chael Sonnen,https://en.wikipedia.org/wiki/Chael_Sonnen
Chan Sung Jung,https://en.wikipedia.org/wiki/Chan_Sung_Jung
Charles McCarthy,https://en.wikipedia.org/wiki/Charles_McCarthy_(fighter)
Charles Oliveira,https://en.wikipedia.org/wiki/Charles_Oliveira
Charles Rosa,https://en.wikipedia.org/wiki/Charles_Rosa
Charlie Brenneman,https://en.wikipedia.org/wiki/Charlie_Brenneman
Charlie Valencia,https://en.wikipedia.org/wiki/Charlie_Valencia
Chas Skelly,https://en.wikipedia.org/wiki/Chas_Skelly
Che Mills,https://en.wikipedia.org/wiki/Che_Mills
Cheick Kongo,https://en.wikipedia.org/wiki/Cheick_Kongo
Chico Camus,https://en.wikipedia.org/wiki/Chico_Camus
Chris Beal,https://en.wikipedia.org/wiki/Chris_Beal
Chris Brennan,https://en.wikipedia.org/wiki/Chris_Brennan
Chris Camozzi,https://en.wikipedia.org/wiki/Chris_Camozzi
Chris Cariaso,https://en.wikipedia.org/wiki/Chris_Cariaso
Chris Clements,https://en.wikipedia.org/wiki/Chris_Clements_(fighter)
Chris Cope,https://en.wikipedia.org/wiki/Chris_Cope
Chris Haseman,https://en.wikipedia.org/wiki/Chris_Haseman
Chris Holdsworth,https://en.wikipedia.org/wiki/Chris_Holdsworth
Chris Kelades,https://en.wikipedia.org/wiki/Chris_Kelades
Chris Leben,https://en.wikipedia.org/wiki/Chris_Leben
Chris Liguori,https://en.wikipedia.org/wiki/Chris_Liguori
Chris Lytle,https://en.wikipedia.org/wiki/Chris_Lytle
Chris Spång,https://en.wikipedia.org/wiki/Chris_Spång
Chris Tuchscherer,https://en.wikipedia.org/wiki/Chris_Tuchscherer
Chris Wade,https://en.wikipedia.org/wiki/Chris_Wade_(fighter)
Chris Weidman,https://en.wikipedia.org/wiki/Chris_Weidman
Chris Wilson,https://en.wikipedia.org/wiki/Chris_Wilson_(fighter)
Christian Morecraft,https://en.wikipedia.org/wiki/Christian_Morecraft_(fighter)
Christian Wellisch,https://en.wikipedia.org/wiki/Christian_Wellisch
Chuck Liddell,https://en.wikipedia.org/wiki/Chuck_Liddell
Chuck O'Neil,https://en.wikipedia.org/wiki/Chuck_O'Neil
Claude Patrick,https://en.wikipedia.org/wiki/Claude_Patrick
Clay Guida,https://en.wikipedia.org/wiki/Clay_Guida
Clay Harvison,https://en.wikipedia.org/wiki/Clay_Harvison
Clifford Starks,https://en.wikipedia.org/wiki/Clifford_Starks
Clint Hester,https://en.wikipedia.org/wiki/Clint_Hester
Cláudio Silva,https://en.wikipedia.org/wiki/Cláudio_Silva
Cody Donovan,https://en.wikipedia.org/wiki/Cody_Donovan
Cody Garbrandt,https://en.wikipedia.org/wiki/Cody_Garbrandt
Cody Gibson,https://en.wikipedia.org/wiki/Cody_Gibson
Cody McKenzie,https://en.wikipedia.org/wiki/Cody_McKenzie
Colby Covington,https://en.wikipedia.org/wiki/Colby_Covington
Cole Escovedo,https://en.wikipedia.org/wiki/Cole_Escovedo
Cole Miller,https://en.wikipedia.org/wiki/Cole_Miller
Colin Fletcher,https://en.wikipedia.org/wiki/Colin_Fletcher_(fighter)
Colton Smith,https://en.wikipedia.org/wiki/Colton_Smith
Conor McGregor,https://en.wikipedia.org/wiki/Conor_McGregor_(fighter)
Corey Anderson,https://en.wikipedia.org/wiki/Corey_Anderson_(fighter)
Corey Hill,https://en.wikipedia.org/wiki/Corey_Hill
Cory Walmsley,https://en.wikipedia.org/wiki/Cory_Walmsley
Costas Philippou,https://en.wikipedia.org/wiki/Costas_Philippou
Court McGee,https://en.wikipedia.org/wiki/Court_McGee
Crafton Wallace,https://en.wikipedia.org/wiki/Crafton_Wallace
Cristiano Marcello,https://en.wikipedia.org/wiki/Cristiano_Marcello
Cub Swanson,https://en.wikipedia.org/wiki/Cub_Swanson
Cung Le,https://en.wikipedia.org/wiki/Cung_Le
Curt Warburton,https://en.wikipedia.org/wiki/Curt_Warburton
Cyrille Diabaté,https://en.wikipedia.org/wiki/Cyrille_Diabaté
DaMarques Johnson,https://en.wikipedia.org/wiki/DaMarques_Johnson
Daiju Takase,https://en.wikipedia.org/wiki/Daiju_Takase
Dale Hartt,https://en.wikipedia.org/wiki/Dale_Hartt
Damacio Page,https://en.wikipedia.org/wiki/Damacio_Page
Damien Brown,https://en.wikipedia.org/wiki/Damien_Brown_(fighter)
Damir Hadzovic,https://en.wikipedia.org/wiki/Damir_Hadzovic
Damon Jackson,https://en.wikipedia.org/wiki/Damon_Jackson
Dan Bobish,https://en.wikipedia.org/wiki/Dan_Bobish
Dan Christison,https://en.wikipedia.org/wiki/Dan_Christison
Dan Cramer,https://en.wikipedia.org/wiki/Dan_Cramer
Dan Evensen,https://en.wikipedia.org/wiki/Dan_Evensen
Dan Hardy,https://en.wikipedia.org/wiki/Dan_Hardy
Dan Henderson,https://en.wikipedia.org/wiki/Dan_Henderson
Dan Lauzon,https://en.wikipedia.org/wiki/Dan_Lauzon
Dan Miller,https://en.wikipedia.org/wiki/Dan_Miller_(fighter)
Dan Severn,https://en.wikipedia.org/wiki/Dan_Severn
Dan Spohn,https://en.wikipedia.org/wiki/Dan_Spohn
Daniel Cormier,https://en.wikipedia.org/wiki/Daniel_Cormier
Daniel Kelly,https://en.wikipedia.org/wiki/Daniel_Kelly
Daniel Omielańczuk,https://en.wikipedia.org/wiki/Daniel_Omielańczuk
Daniel Pineda,https://en.wikipedia.org/wiki/Daniel_Pineda_(fighter)
Daniel Roberts,https://en.wikipedia.org/wiki/Daniel_Roberts_(fighter)
Daniel Sarafian,https://en.wikipedia.org/wiki/Daniel_Sarafian
Danillo Villefort,https://en.wikipedia.org/wiki/Danillo_Villefort
Danny Castillo,https://en.wikipedia.org/wiki/Danny_Castillo
Danny Downes,https://en.wikipedia.org/wiki/Danny_Downes
Danny Martinez,https://en.wikipedia.org/wiki/Danny_Martinez
Danny Roberts,https://en.wikipedia.org/wiki/Danny_Roberts_(fighter)
Dante Rivera,https://en.wikipedia.org/wiki/Dante_Rivera
Daron Cruickshank,https://en.wikipedia.org/wiki/Daron_Cruickshank
Darrell Horcher,https://en.wikipedia.org/wiki/Darrell_Horcher
Darrell Montague,https://en.wikipedia.org/wiki/Darrell_Montague
Darren Elkins,https://en.wikipedia.org/wiki/Darren_Elkins
Darren Till,https://en.wikipedia.org/wiki/Darren_Till
Darren Uyenoyama,https://en.wikipedia.org/wiki/Darren_Uyenoyama
Dave Beneteau,https://en.wikipedia.org/wiki/Dave_Beneteau
Dave Herman,https://en.wikipedia.org/wiki/Dave_Herman_(fighter)
Dave Menne,https://en.wikipedia.org/wiki/Dave_Menne
Dave Strasser,https://en.wikipedia.org/wiki/Dave_Strasser
David Abbott,https://en.wikipedia.org/wiki/David_Abbott
David Baron,https://en.wikipedia.org/wiki/David_Baron_(fighter)
David Bielkheden,https://en.wikipedia.org/wiki/David_Bielkheden
David Branch,https://en.wikipedia.org/wiki/David_Branch_(fighter)
David Heath,https://en.wikipedia.org/wiki/David_Heath_(fighter)
David Loiseau,https://en.wikipedia.org/wiki/David_Loiseau
David Michaud,https://en.wikipedia.org/wiki/David_Michaud
David Mitchell,https://en.wikipedia.org/wiki/David_Mitchell_(fighter)
David Terrell,https://en.wikipedia.org/wiki/David_Terrell_(fighter)
Dean Lister,https://en.wikipedia.org/wiki/Dean_Lister
Demetrious Johnson,https://en.wikipedia.org/wiki/Demetrious_Johnson_(fighter)
Demian Maia,https://en.wikipedia.org/wiki/Demian_Maia
Denis Kang,https://en.wikipedia.org/wiki/Denis_Kang
Dennis Bermudez,https://en.wikipedia.org/wiki/Dennis_Bermudez
Dennis Hallman,https://en.wikipedia.org/wiki/Dennis_Hallman
Dennis Siver,https://en.wikipedia.org/wiki/Dennis_Siver
Derek Brunson,https://en.wikipedia.org/wiki/Derek_Brunson
Derrick Lewis,https://en.wikipedia.org/wiki/Derrick_Lewis_(fighter)
Desmond Green,https://en.wikipedia.org/wiki/Desmond_Green
Devin Clark,https://en.wikipedia.org/wiki/Devin_Clark_(fighter)
Dhiego Lima,https://en.wikipedia.org/wiki/Dhiego_Lima
Diego Brandão,https://en.wikipedia.org/wiki/Diego_Brandão
Diego Nunes,https://en.wikipedia.org/wiki/Diego_Nunes_(fighter)
Diego Sanchez,https://en.wikipedia.org/wiki/Diego_Sanchez
Diego Saraiva,https://en.wikipedia.org/wiki/Diego_Saraiva
Din Thomas,https://en.wikipedia.org/wiki/Din_Thomas
Dokonjonosuke Mishima,https://en.wikipedia.org/wiki/Dokonjonosuke_Mishima
Dominick Cruz,https://en.wikipedia.org/wiki/Dominick_Cruz
Don Frye,https://en.wikipedia.org/wiki/Don_Frye
Donald Cerrone,https://en.wikipedia.org/wiki/Donald_Cerrone
Dong Hyun Kim,https://en.wikipedia.org/wiki/Dong_Hyun_Kim
Dongi Yang,https://en.wikipedia.org/wiki/Dongi_Yang
Donny Walker,https://en.wikipedia.org/wiki/Donny_Walker
Doo Ho Choi,https://en.wikipedia.org/wiki/Doo_Ho_Choi
Doug Evans,https://en.wikipedia.org/wiki/Doug_Evans_(fighter)
Drew Dober,https://en.wikipedia.org/wiki/Drew_Dober
Drew Fickett,https://en.wikipedia.org/wiki/Drew_Fickett
Drew McFedries,https://en.wikipedia.org/wiki/Drew_McFedries
Duane Ludwig,https://en.wikipedia.org/wiki/Duane_Ludwig
Dustin Hazelett,https://en.wikipedia.org/wiki/Dustin_Hazelett
Dustin Jacoby,https://en.wikipedia.org/wiki/Dustin_Jacoby
Dustin Kimura,https://en.wikipedia.org/wiki/Dustin_Kimura
Dustin Neace,https://en.wikipedia.org/wiki/Dustin_Neace
Dustin Ortiz,https://en.wikipedia.org/wiki/Dustin_Ortiz
Dustin Pague,https://en.wikipedia.org/wiki/Dustin_Pague
Dustin Poirier,https://en.wikipedia.org/wiki/Dustin_Poirier
Dylan Andrews,https://en.wikipedia.org/wiki/Dylan_Andrews
Ebenezer Fontes Braga,https://en.wikipedia.org/wiki/Ebenezer_Fontes_Braga
Ed Herman,https://en.wikipedia.org/wiki/Ed_Herman_(fighter)
Eddie Alvarez,https://en.wikipedia.org/wiki/Eddie_Alvarez
Eddie Gordon,https://en.wikipedia.org/wiki/Eddie_Gordon_(fighter)
Eddie Sanchez,https://en.wikipedia.org/wiki/Eddie_Sanchez
Eddie Wineland,https://en.wikipedia.org/wiki/Eddie_Wineland
Eddie Yagin,https://en.wikipedia.org/wiki/Eddie_Yagin
Edgar Garcia,https://en.wikipedia.org/wiki/Edgar_Garcia
Edson Barboza,https://en.wikipedia.org/wiki/Edson_Barboza
Edward Faaloloto,https://en.wikipedia.org/wiki/Edward_Faaloloto
Edwin Dewees,https://en.wikipedia.org/wiki/Edwin_Dewees
Edwin Figueroa,https://en.wikipedia.org/wiki/Edwin_Figueroa
Efrain Escudero,https://en.wikipedia.org/wiki/Efrain_Escudero
Eiji Mitsuoka,https://en.wikipedia.org/wiki/Eiji_Mitsuoka
Elias Silvério,https://en.wikipedia.org/wiki/Elias_Silvério
Elias Theodorou,https://en.wikipedia.org/wiki/Elias_Theodorou
Eliot Marshall,https://en.wikipedia.org/wiki/Eliot_Marshall
Elvis Sinosic,https://en.wikipedia.org/wiki/Elvis_Sinosic
Emmanuel Yarborough,https://en.wikipedia.org/wiki/Emmanuel_Yarborough
Enrique Barzola,https://en.wikipedia.org/wiki/Enrique_Barzola
Enson Inoue,https://en.wikipedia.org/wiki/Enson_Inoue
Eric Schafer,https://en.wikipedia.org/wiki/Eric_Schafer
Eric Wisely,https://en.wikipedia.org/wiki/Eric_Wisely
Erick Silva,https://en.wikipedia.org/wiki/Erick_Silva
Erik Koch,https://en.wikipedia.org/wiki/Erik_Koch
Ernest Chavez,https://en.wikipedia.org/wiki/Ernest_Chavez_(fighter)
Estevan Payan,https://en.wikipedia.org/wiki/Estevan_Payan
Evan Dunham,https://en.wikipedia.org/wiki/Evan_Dunham
Evan Tanner,https://en.wikipedia.org/wiki/Evan_Tanner
Fabiano Iha,https://en.wikipedia.org/wiki/Fabiano_Iha
Fabiano Scherner,https://en.wikipedia.org/wiki/Fabiano_Scherner
Fabio Gurgel,https://en.wikipedia.org/wiki/Fabio_Gurgel
Fabrício Camões,https://en.wikipedia.org/wiki/Fabrício_Camões
Fabrício Werdum,https://en.wikipedia.org/wiki/Fabrício_Werdum
Falaniko Vitale,https://en.wikipedia.org/wiki/Falaniko_Vitale
Felipe Arantes,https://en.wikipedia.org/wiki/Felipe_Arantes
Felix Mitchell,https://en.wikipedia.org/wiki/Felix_Mitchell_(fighter)
Forrest Griffin,https://en.wikipedia.org/wiki/Forrest_Griffin
Forrest Petz,https://en.wikipedia.org/wiki/Forrest_Petz
Francimar Barroso,https://en.wikipedia.org/wiki/Francimar_Barroso
Francis Carmont,https://en.wikipedia.org/wiki/Francis_Carmont
Francisco Rivera,https://en.wikipedia.org/wiki/Francisco_Rivera_(fighter)
Francisco Trinaldo,https://en.wikipedia.org/wiki/Francisco_Trinaldo
Frank Mir,https://en.wikipedia.org/wiki/Frank_Mir
Frank Shamrock,https://en.wikipedia.org/wiki/Frank_Shamrock
Frank Trigg,https://en.wikipedia.org/wiki/Frank_Trigg
Frankie Edgar,https://en.wikipedia.org/wiki/Frankie_Edgar
Frankie Saenz,https://en.wikipedia.org/wiki/Frankie_Saenz
Fredson Paixão,https://en.wikipedia.org/wiki/Fredson_Paixão
Fábio Maldonado,https://en.wikipedia.org/wiki/Fábio_Maldonado
Gabe Ruediger,https://en.wikipedia.org/wiki/Gabe_Ruediger
Gabriel Benítez,https://en.wikipedia.org/wiki/Gabriel_Benítez
Gabriel Gonzaga,https://en.wikipedia.org/wiki/Gabriel_Gonzaga
Gadzhimurad Antigulov,https://en.wikipedia.org/wiki/Gadzhimurad_Antigulov
Gan McGee,https://en.wikipedia.org/wiki/Gan_McGee
Gary Goodridge,https://en.wikipedia.org/wiki/Gary_Goodridge
Gasan Umalatov,https://en.wikipedia.org/wiki/Gasan_Umalatov
Gegard Mousasi,https://en.wikipedia.org/wiki/Gegard_Mousasi
Genki Sudo,https://en.wikipedia.org/wiki/Genki_Sudo
George Roop,https://en.wikipedia.org/wiki/George_Roop
George Sotiropoulos,https://en.wikipedia.org/wiki/George_Sotiropoulos
George Sullivan,https://en.wikipedia.org/wiki/George_Sullivan_(fighter)
Georges St-Pierre,https://en.wikipedia.org/wiki/Georges_St-Pierre
Gerald Harris,https://en.wikipedia.org/wiki/Gerald_Harris_(fighter)
Gerald Strebendt,https://en.wikipedia.org/wiki/Gerald_Strebendt
Gerard Gordeau,https://en.wikipedia.org/wiki/Gerard_Gordeau
Gian Villante,https://en.wikipedia.org/wiki/Gian_Villante
Gideon Ray,https://en.wikipedia.org/wiki/Gideon_Ray
Gil Castillo,https://en.wikipedia.org/wiki/Gil_Castillo
Gilbert Burns,https://en.wikipedia.org/wiki/Gilbert_Burns_(fighter)
Gilbert Melendez,https://en.wikipedia.org/wiki/Gilbert_Melendez
Gilbert Yvel,https://en.wikipedia.org/wiki/Gilbert_Yvel
Gleison Tibau,https://en.wikipedia.org/wiki/Gleison_Tibau
Glover Teixeira,https://en.wikipedia.org/wiki/Glover_Teixeira
Godofredo Pepey,https://en.wikipedia.org/wiki/Godofredo_Pepey
Goran Reljić,https://en.wikipedia.org/wiki/Goran_Reljić
Gray Maynard,https://en.wikipedia.org/wiki/Gray_Maynard
Greg Soto,https://en.wikipedia.org/wiki/Greg_Soto
Guido Cannetti,https://en.wikipedia.org/wiki/Guido_Cannetti
Gunnar Nelson,https://en.wikipedia.org/wiki/Gunnar_Nelson_(fighter)
Guto Inocente,https://en.wikipedia.org/wiki/Guto_Inocente
Guy Mezger,https://en.wikipedia.org/wiki/Guy_Mezger
Hacran Dias,https://en.wikipedia.org/wiki/Hacran_Dias
Harold Howard,https://en.wikipedia.org/wiki/Harold_Howard
Hatsu Hioki,https://en.wikipedia.org/wiki/Hatsu_Hioki
Hayato Sakurai,https://en.wikipedia.org/wiki/Hayato_Sakurai
Heath Herring,https://en.wikipedia.org/wiki/Heath_Herring
Hector Lombard,https://en.wikipedia.org/wiki/Hector_Lombard
Hector Ramirez,https://en.wikipedia.org/wiki/Hector_Ramirez_(fighter)
Henrique da Silva,https://en.wikipedia.org/wiki/Henrique_da_Silva_(fighter)
Henry Briones,https://en.wikipedia.org/wiki/Henry_Briones
Henry Cejudo,https://en.wikipedia.org/wiki/Henry_Cejudo
Henry Martinez,https://en.wikipedia.org/wiki/Henry_Martinez_(fighter)
Hermes França,https://en.wikipedia.org/wiki/Hermes_França
Homer Moore,https://en.wikipedia.org/wiki/Homer_Moore
Houston Alexander,https://en.wikipedia.org/wiki/Houston_Alexander
Hugo Viana,https://en.wikipedia.org/wiki/Hugo_Viana_(fighter)
Hyun Gyu Lim,https://en.wikipedia.org/wiki/Hyun_Gyu_Lim
Ian Freeman,https://en.wikipedia.org/wiki/Ian_Freeman
Ian Loveland,https://en.wikipedia.org/wiki/Ian_Loveland
Ian McCall,https://en.wikipedia.org/wiki/Ian_McCall_(fighter)
Igor Pokrajac,https://en.wikipedia.org/wiki/Igor_Pokrajac
Ildemar Alcântara,https://en.wikipedia.org/wiki/Ildemar_Alcântara
Iliarde Santos,https://en.wikipedia.org/wiki/Iliarde_Santos
Ilir Latifi,https://en.wikipedia.org/wiki/Ilir_Latifi
Isaac Vallie-Flagg,https://en.wikipedia.org/wiki/Isaac_Vallie-Flagg
Islam Makhachev,https://en.wikipedia.org/wiki/Islam_Makhachev
Issei Tamura,https://en.wikipedia.org/wiki/Issei_Tamura
Iuri Alcântara,https://en.wikipedia.org/wiki/Iuri_Alcântara
Ivan Jorge,https://en.wikipedia.org/wiki/Ivan_Jorge
Ivan Menjivar,https://en.wikipedia.org/wiki/Ivan_Menjivar
Ivan Salaverry,https://en.wikipedia.org/wiki/Ivan_Salaverry
Jack Marshman,https://en.wikipedia.org/wiki/Jack_Marshman
Jack Nilson,https://en.wikipedia.org/wiki/Jack_Nilson_(fighter)
Jacob Volkmann,https://en.wikipedia.org/wiki/Jacob_Volkmann
Jake Ellenberger,https://en.wikipedia.org/wiki/Jake_Ellenberger
Jake Hecht,https://en.wikipedia.org/wiki/Jake_Hecht
Jake Lindsey,https://en.wikipedia.org/wiki/Jake_Lindsey_(fighter)
Jake Matthews,https://en.wikipedia.org/wiki/Jake_Matthews_(fighter)
Jake O'Brien,https://en.wikipedia.org/wiki/Jake_O'Brien
Jake Rosholt,https://en.wikipedia.org/wiki/Jake_Rosholt
Jake Shields,https://en.wikipedia.org/wiki/Jake_Shields
James Head,https://en.wikipedia.org/wiki/James_Head_(fighter)
James Irvin,https://en.wikipedia.org/wiki/James_Irvin_(fighter)
James Krause,https://en.wikipedia.org/wiki/James_Krause_(fighter)
James McSweeney,https://en.wikipedia.org/wiki/James_McSweeney
James Moontasri,https://en.wikipedia.org/wiki/James_Moontasri
James Te Huna,https://en.wikipedia.org/wiki/James_Te_Huna
James Toney,https://en.wikipedia.org/wiki/James_Toney
James Vick,https://en.wikipedia.org/wiki/James_Vick
James Wilks,https://en.wikipedia.org/wiki/James_Wilks
Jamie Varner,https://en.wikipedia.org/wiki/Jamie_Varner
Jan Blachowicz,https://en.wikipedia.org/wiki/Jan_Blachowicz
Jared Gordon,https://en.wikipedia.org/wiki/Jared_Gordon
Jared Hamman,https://en.wikipedia.org/wiki/Jared_Hamman
Jared Papazian,https://en.wikipedia.org/wiki/Jared_Papazian
Jared Rosholt,https://en.wikipedia.org/wiki/Jared_Rosholt
Jarred Brooks,https://en.wikipedia.org/wiki/Jarred_Brooks
Jason Black,https://en.wikipedia.org/wiki/Jason_Black_(fighter)
Jason Brilz,https://en.wikipedia.org/wiki/Jason_Brilz
Jason Day,https://en.wikipedia.org/wiki/Jason_Day_(fighter)
Jason DeLucia,https://en.wikipedia.org/wiki/Jason_DeLucia
Jason Dent,https://en.wikipedia.org/wiki/Jason_Dent
Jason High,https://en.wikipedia.org/wiki/Jason_High
Jason Lambert,https://en.wikipedia.org/wiki/Jason_Lambert_(fighter)
Jason MacDonald,https://en.wikipedia.org/wiki/Jason_MacDonald_(fighter)
Jason Miller,https://en.wikipedia.org/wiki/Jason_Miller_(fighter)
Jason Reinhardt,https://en.wikipedia.org/wiki/Jason_Reinhardt
Jason Tan,https://en.wikipedia.org/wiki/Jason_Tan
Jason Von Flue,https://en.wikipedia.org/wiki/Jason_Von_Flue
Jason Young,https://en.wikipedia.org/wiki/Jason_Young_(fighter)
Javier Vazquez,https://en.wikipedia.org/wiki/Javier_Vazquez_(fighter)
Jay Hieron,https://en.wikipedia.org/wiki/Jay_Hieron
Jay Silva,https://en.wikipedia.org/wiki/Jay_Silva
Jeff Curran,https://en.wikipedia.org/wiki/Jeff_Curran
Jeff Hougland,https://en.wikipedia.org/wiki/Jeff_Hougland
Jeff Monson,https://en.wikipedia.org/wiki/Jeff_Monson
Jens Pulver,https://en.wikipedia.org/wiki/Jens_Pulver
Jeremy Horn,https://en.wikipedia.org/wiki/Jeremy_Horn
Jeremy Jackson,https://en.wikipedia.org/wiki/Jeremy_Jackson_(fighter)
Jeremy Larsen,https://en.wikipedia.org/wiki/Jeremy_Larsen
Jeremy Stephens,https://en.wikipedia.org/wiki/Jeremy_Stephens
Jerry Bohlander,https://en.wikipedia.org/wiki/Jerry_Bohlander
Jess Liaudin,https://en.wikipedia.org/wiki/Jess_Liaudin
Jesse Forbes,https://en.wikipedia.org/wiki/Jesse_Forbes
Jesse Lennox,https://en.wikipedia.org/wiki/Jesse_Lennox
Jesse Ronson,https://en.wikipedia.org/wiki/Jesse_Ronson
Jesse Taylor,https://en.wikipedia.org/wiki/Jesse_Taylor
Jim Miller,https://en.wikipedia.org/wiki/Jim_Miller_(fighter)
Jimi Manuwa,https://en.wikipedia.org/wiki/Jimi_Manuwa
Jimy Hettes,https://en.wikipedia.org/wiki/Jimy_Hettes
Joachim Christensen,https://en.wikipedia.org/wiki/Joachim_Christensen
Joaquim Silva,https://en.wikipedia.org/wiki/Joaquim_Silva_(fighter)
Joe Doerksen,https://en.wikipedia.org/wiki/Joe_Doerksen_(fighter)
Joe Lauzon,https://en.wikipedia.org/wiki/Joe_Lauzon
Joe Moreira,https://en.wikipedia.org/wiki/Joe_Moreira
Joe Proctor,https://en.wikipedia.org/wiki/Joe_Proctor
Joe Riggs,https://en.wikipedia.org/wiki/Joe_Riggs
Joe Slick,https://en.wikipedia.org/wiki/Joe_Slick
Joe Son,https://en.wikipedia.org/wiki/Joe_Son
Joe Soto,https://en.wikipedia.org/wiki/Joe_Soto
Joe Stevenson,https://en.wikipedia.org/wiki/Joe_Stevenson
Joe Vedepo,https://en.wikipedia.org/wiki/Joe_Vedepo
Joey Beltran,https://en.wikipedia.org/wiki/Joey_Beltran
John Albert,https://en.wikipedia.org/wiki/John_Albert_(fighter)
John Alessio,https://en.wikipedia.org/wiki/John_Alessio
John Cholish,https://en.wikipedia.org/wiki/John_Cholish
John Dodson,https://en.wikipedia.org/wiki/John_Dodson_(fighter)
John Gunderson,https://en.wikipedia.org/wiki/John_Gunderson
John Hathaway,https://en.wikipedia.org/wiki/John_Hathaway_(fighter)
John Howard,https://en.wikipedia.org/wiki/John_Howard_(fighter)
John Kolosci,https://en.wikipedia.org/wiki/John_Kolosci
John Lineker,https://en.wikipedia.org/wiki/John_Lineker
John Lober,https://en.wikipedia.org/wiki/John_Lober
John Maguire,https://en.wikipedia.org/wiki/John_Maguire_(fighter)
John Makdessi,https://en.wikipedia.org/wiki/John_Makdessi
John Marsh,https://en.wikipedia.org/wiki/John_Marsh_(fighter)
John Moraga,https://en.wikipedia.org/wiki/John_Moraga
John Polakowski,https://en.wikipedia.org/wiki/John_Polakowski_(fighter)
John Salter,https://en.wikipedia.org/wiki/John_Salter_(fighter)
John Teixeira,https://en.wikipedia.org/wiki/John_Teixeira
Johnny Bedford,https://en.wikipedia.org/wiki/Johnny_Bedford
Johnny Case,https://en.wikipedia.org/wiki/Johnny_Case
Johnny Eduardo,https://en.wikipedia.org/wiki/Johnny_Eduardo
Johnny Rhodes,https://en.wikipedia.org/wiki/Johnny_Rhodes_(fighter)
Johny Hendricks,https://en.wikipedia.org/wiki/Johny_Hendricks
Jon Fitch,https://en.wikipedia.org/wiki/Jon_Fitch
Jon Hess,https://en.wikipedia.org/wiki/Jon_Hess_(fighter)
Jon Jones,https://en.wikipedia.org/wiki/Jon_Jones_(fighter)
Jon Madsen,https://en.wikipedia.org/wiki/Jon_Madsen
Jon Olav Einemo,https://en.wikipedia.org/wiki/Jon_Olav_Einemo
Jon Tuck,https://en.wikipedia.org/wiki/Jon_Tuck
Jonathan Brookins,https://en.wikipedia.org/wiki/Jonathan_Brookins
Jonathan Goulet,https://en.wikipedia.org/wiki/Jonathan_Goulet
Jordan Mein,https://en.wikipedia.org/wiki/Jordan_Mein
Jordan Radev,https://en.wikipedia.org/wiki/Jordan_Radev
Jorge Gurgel,https://en.wikipedia.org/wiki/Jorge_Gurgel
Jorge Masvidal,https://en.wikipedia.org/wiki/Jorge_Masvidal
Jorge Patino,https://en.wikipedia.org/wiki/Jorge_Patino
Jorge Rivera,https://en.wikipedia.org/wiki/Jorge_Rivera_(fighter)
Jorge Santiago,https://en.wikipedia.org/wiki/Jorge_Santiago
Joseph Benavidez,https://en.wikipedia.org/wiki/Joseph_Benavidez
Josh Barnett,https://en.wikipedia.org/wiki/Josh_Barnett
Josh Burkman,https://en.wikipedia.org/wiki/Josh_Burkman
Josh Emmett,https://en.wikipedia.org/wiki/Josh_Emmett
Josh Grispi,https://en.wikipedia.org/wiki/Josh_Grispi
Josh Haynes,https://en.wikipedia.org/wiki/Josh_Haynes
Josh Koscheck,https://en.wikipedia.org/wiki/Josh_Koscheck
Josh Neer,https://en.wikipedia.org/wiki/Josh_Neer
Josh Samman,https://en.wikipedia.org/wiki/Josh_Samman
Josh Sampo,https://en.wikipedia.org/wiki/Josh_Sampo
Josh Shockley,https://en.wikipedia.org/wiki/Josh_Shockley
Josh Thomson,https://en.wikipedia.org/wiki/Josh_Thomson
José Alberto Quiñónez,https://en.wikipedia.org/wiki/José_Alberto_Quiñónez
José Aldo,https://en.wikipedia.org/wiki/José_Aldo
João Roque,https://en.wikipedia.org/wiki/João_Roque
João Zeferino,https://en.wikipedia.org/wiki/João_Zeferino
Jumabieke Tuerxun,https://en.wikipedia.org/wiki/Jumabieke_Tuerxun
Junie Browning,https://en.wikipedia.org/wiki/Junie_Browning
Junior Assunção,https://en.wikipedia.org/wiki/Junior_Assunção
Junior dos Santos,https://en.wikipedia.org/wiki/Junior_dos_Santos
Jussier da Silva,https://en.wikipedia.org/wiki/Jussier_da_Silva
Justin Buchholz,https://en.wikipedia.org/wiki/Justin_Buchholz
Justin Edwards,https://en.wikipedia.org/wiki/Justin_Edwards_(fighter)
Justin Eilers,https://en.wikipedia.org/wiki/Justin_Eilers
Justin Lawrence,https://en.wikipedia.org/wiki/Justin_Lawrence
Justin Levens,https://en.wikipedia.org/wiki/Justin_Levens
Justin McCully,https://en.wikipedia.org/wiki/Justin_McCully
Justin Salas,https://en.wikipedia.org/wiki/Justin_Salas
Justin Scoggins,https://en.wikipedia.org/wiki/Justin_Scoggins
Jutaro Nakao,https://en.wikipedia.org/wiki/Jutaro_Nakao
Jörgen Kruth,https://en.wikipedia.org/wiki/Jörgen_Kruth
KJ Noons,https://en.wikipedia.org/wiki/KJ_Noons
Kalib Starnes,https://en.wikipedia.org/wiki/Kalib_Starnes
Kamal Shalorus,https://en.wikipedia.org/wiki/Kamal_Shalorus
Karlos Vemola,https://en.wikipedia.org/wiki/Karlos_Vemola
Karo Parisyan,https://en.wikipedia.org/wiki/Karo_Parisyan
Katsuhisa Fujii,https://en.wikipedia.org/wiki/Katsuhisa_Fujii
Katsunori Kikuno,https://en.wikipedia.org/wiki/Katsunori_Kikuno
Kazuhiro Nakamura,https://en.wikipedia.org/wiki/Kazuhiro_Nakamura
Kazuki Tokudome,https://en.wikipedia.org/wiki/Kazuki_Tokudome
Kazuo Takahashi,https://en.wikipedia.org/wiki/Kazuo_Takahashi
Kazushi Sakuraba,https://en.wikipedia.org/wiki/Kazushi_Sakuraba
Keiichiro Yamamiya,https://en.wikipedia.org/wiki/Keiichiro_Yamamiya
Keita Nakamura,https://en.wikipedia.org/wiki/Keita_Nakamura
Keith Hackney,https://en.wikipedia.org/wiki/Keith_Hackney
Keith Jardine,https://en.wikipedia.org/wiki/Keith_Jardine
Keith Wisniewski,https://en.wikipedia.org/wiki/Keith_Wisniewski
Kelly Dullanty,https://en.wikipedia.org/wiki/Kelly_Dullanty
Kelvin Gastelum,https://en.wikipedia.org/wiki/Kelvin_Gastelum
Ken Shamrock,https://en.wikipedia.org/wiki/Ken_Shamrock
Ken Stone,https://en.wikipedia.org/wiki/Ken_Stone_(fighter)
Kendall Grove,https://en.wikipedia.org/wiki/Kendall_Grove
Kenichi Yamamoto,https://en.wikipedia.org/wiki/Kenichi_Yamamoto_(fighter)
Kenny Florian,https://en.wikipedia.org/wiki/Kenny_Florian
Kenny Robertson,https://en.wikipedia.org/wiki/Kenny_Robertson
Kerry Schall,https://en.wikipedia.org/wiki/Kerry_Schall
Kevin Burns,https://en.wikipedia.org/wiki/Kevin_Burns_(fighter)
Kevin Casey,https://en.wikipedia.org/wiki/Kevin_Casey_(fighter)
Kevin Ferguson,https://en.wikipedia.org/wiki/Kevin_Ferguson
Kevin Jackson,https://en.wikipedia.org/wiki/Kevin_Jackson
Kevin Jordan,https://en.wikipedia.org/wiki/Kevin_Jordan_(fighter)
Kevin Randleman,https://en.wikipedia.org/wiki/Kevin_Randleman
Kevin Rosier,https://en.wikipedia.org/wiki/Kevin_Rosier
Kevin Souza,https://en.wikipedia.org/wiki/Kevin_Souza
Khabib Nurmagomedov,https://en.wikipedia.org/wiki/Khabib_Nurmagomedov
Kiichi Kunimoto,https://en.wikipedia.org/wiki/Kiichi_Kunimoto
Kimo Leopoldo,https://en.wikipedia.org/wiki/Kimo_Leopoldo
Kit Cope,https://en.wikipedia.org/wiki/Kit_Cope
Koji Kitao,https://en.wikipedia.org/wiki/Koji_Kitao
Kris McCray,https://en.wikipedia.org/wiki/Kris_McCray
Krzysztof Jotko,https://en.wikipedia.org/wiki/Krzysztof_Jotko
Krzysztof Soszynski,https://en.wikipedia.org/wiki/Krzysztof_Soszynski
Kuniyoshi Hironaka,https://en.wikipedia.org/wiki/Kuniyoshi_Hironaka
Kurt Pellegrino,https://en.wikipedia.org/wiki/Kurt_Pellegrino
Kwan Ho Kwak,https://en.wikipedia.org/wiki/Kwan_Ho_Kwak
Kyle Bochniak,https://en.wikipedia.org/wiki/Kyle_Bochniak
Kyle Bradley,https://en.wikipedia.org/wiki/Kyle_Bradley
Kyle Kingsbury,https://en.wikipedia.org/wiki/Kyle_Kingsbury
Kyle Noke,https://en.wikipedia.org/wiki/Kyle_Noke
Kyoji Horiguchi,https://en.wikipedia.org/wiki/Kyoji_Horiguchi
Kyung Ho Kang,https://en.wikipedia.org/wiki/Kyung_Ho_Kang
LaVerne Clark,https://en.wikipedia.org/wiki/LaVerne_Clark
Lance Benoist,https://en.wikipedia.org/wiki/Lance_Benoist
Lance Gibson,https://en.wikipedia.org/wiki/Lance_Gibson
Lavar Johnson,https://en.wikipedia.org/wiki/Lavar_Johnson
Leandro Issa,https://en.wikipedia.org/wiki/Leandro_Issa
Lee Murray,https://en.wikipedia.org/wiki/Lee_Murray
Leon Edwards,https://en.wikipedia.org/wiki/Leon_Edwards
Leonard Garcia,https://en.wikipedia.org/wiki/Leonard_Garcia
Leonardo Mafra,https://en.wikipedia.org/wiki/Leonardo_Mafra
Leonardo Santos,https://en.wikipedia.org/wiki/Leonardo_Santos_(fighter)
Li Jingliang,https://en.wikipedia.org/wiki/Li_Jingliang
Lipeng Zhang,https://en.wikipedia.org/wiki/Zhang_Lipeng
Lodune Sincaid,https://en.wikipedia.org/wiki/Lodune_Sincaid
Logan Clark,https://en.wikipedia.org/wiki/Logan_Clark
Lorenz Larkin,https://en.wikipedia.org/wiki/Lorenz_Larkin
Louis Gaudinot,https://en.wikipedia.org/wiki/Louis_Gaudinot
Louis Smolka,https://en.wikipedia.org/wiki/Louis_Smolka
Louis Taylor,https://en.wikipedia.org/wiki/Louis_Taylor
Lucas Martins,https://en.wikipedia.org/wiki/Lucas_Martins
Luigi Fioravanti,https://en.wikipedia.org/wiki/Luigi_Fioravanti
Luis Ramos,https://en.wikipedia.org/wiki/Luis_Ramos_(fighter)
Luiz Cané,https://en.wikipedia.org/wiki/Luiz_Cané
Luke Barnatt,https://en.wikipedia.org/wiki/Luke_Barnatt
Luke Caudillo,https://en.wikipedia.org/wiki/Luke_Caudillo
Luke Cummo,https://en.wikipedia.org/wiki/Luke_Cummo
Luke Jumeau,https://en.wikipedia.org/wiki/Luke_Jumeau
Luke Rockhold,https://en.wikipedia.org/wiki/Luke_Rockhold
Luke Zachrich,https://en.wikipedia.org/wiki/Luke_Zachrich
Lyman Good,https://en.wikipedia.org/wiki/Lyman_Good
Lyoto Machida,https://en.wikipedia.org/wiki/Lyoto_Machida
Mac Danzig,https://en.wikipedia.org/wiki/Mac_Danzig
Maciej Jewtuszko,https://en.wikipedia.org/wiki/Maciej_Jewtuszko
Mackens Semerzier,https://en.wikipedia.org/wiki/Mackens_Semerzier
Magnus Cedenblad,https://en.wikipedia.org/wiki/Magnus_Cedenblad
Magomed Bibulatov,https://en.wikipedia.org/wiki/Magomed_Bibulatov
Maiquel Falcão,https://en.wikipedia.org/wiki/Maiquel_Falcão
Mairbek Taisumov,https://en.wikipedia.org/wiki/Mairbek_Taisumov
Makwan Amirkhani,https://en.wikipedia.org/wiki/Makwan_Amirkhani
Manvel Gamburyan,https://en.wikipedia.org/wiki/Manvel_Gamburyan
Marcelo Guimarães,https://en.wikipedia.org/wiki/Marcelo_Guimarães
Marcin Held,https://en.wikipedia.org/wiki/Marcin_Held
Marco Polo Reyes,https://en.wikipedia.org/wiki/Marco_Polo_Reyes
Marco Ruas,https://en.wikipedia.org/wiki/Marco_Ruas
Marcos Vinicius,https://en.wikipedia.org/wiki/Marcos_Vinicius_(fighter)
Marcus Aurélio,https://en.wikipedia.org/wiki/Marcus_Aurélio
Marcus Bossett,https://en.wikipedia.org/wiki/Marcus_Bossett
Marcus Brimage,https://en.wikipedia.org/wiki/Marcus_Brimage
Marcus Davis,https://en.wikipedia.org/wiki/Marcus_Davis_(fighter)
Marcus Jones,https://en.wikipedia.org/wiki/Marcus_Jones_(fighter)
Marcus LeVesseur,https://en.wikipedia.org/wiki/Marcus_LeVesseur
Mario Miranda,https://en.wikipedia.org/wiki/Mario_Miranda_(fighter)
Mario Neto,https://en.wikipedia.org/wiki/Mario_Neto
Mark Bocek,https://en.wikipedia.org/wiki/Mark_Bocek
Mark Coleman,https://en.wikipedia.org/wiki/Mark_Coleman
Mark Eddiva,https://en.wikipedia.org/wiki/Mark_Eddiva
Mark Godbeer,https://en.wikipedia.org/wiki/Mark_Godbeer
Mark Hall,https://en.wikipedia.org/wiki/Mark_Hall_(fighter)
Mark Holst,https://en.wikipedia.org/wiki/Mark_Holst
Mark Hominick,https://en.wikipedia.org/wiki/Mark_Hominick
Mark Hughes,https://en.wikipedia.org/wiki/Mark_Hughes_(fighter)
Mark Hunt,https://en.wikipedia.org/wiki/Mark_Hunt
Mark Kerr,https://en.wikipedia.org/wiki/Mark_Kerr_(fighter)
Mark Muñoz,https://en.wikipedia.org/wiki/Mark_Muñoz
Mark Schultz,https://en.wikipedia.org/wiki/Mark_Schultz
Mark Weir,https://en.wikipedia.org/wiki/Mark_Weir
Martin Kampmann,https://en.wikipedia.org/wiki/Martin_Kampmann
Marvin Eastman,https://en.wikipedia.org/wiki/Marvin_Eastman
Marvin Vettori,https://en.wikipedia.org/wiki/Marvin_Vettori
Masanori Kanehara,https://en.wikipedia.org/wiki/Masanori_Kanehara
Mats Nilsson,https://en.wikipedia.org/wiki/Mats_Nilsson
Matt Arroyo,https://en.wikipedia.org/wiki/Matt_Arroyo
Matt Brown,https://en.wikipedia.org/wiki/Matt_Brown_(fighter)
Matt Dwyer,https://en.wikipedia.org/wiki/Matt_Dwyer_(fighter)
Matt Grice,https://en.wikipedia.org/wiki/Matt_Grice
Matt Hamill,https://en.wikipedia.org/wiki/Matt_Hamill
Matt Hobar,https://en.wikipedia.org/wiki/Matt_Hobar
Matt Horwich,https://en.wikipedia.org/wiki/Matt_Horwich
Matt Hughes,https://en.wikipedia.org/wiki/Matt_Hughes_(fighter)
Matt Lindland,https://en.wikipedia.org/wiki/Matt_Lindland
Matt Mitrione,https://en.wikipedia.org/wiki/Matt_Mitrione
Matt Serra,https://en.wikipedia.org/wiki/Matt_Serra
Matt Van Buren,https://en.wikipedia.org/wiki/Matt_Van_Buren
Matt Veach,https://en.wikipedia.org/wiki/Matt_Veach
Matt Wiman,https://en.wikipedia.org/wiki/Matt_Wiman
Matthew Lopez,https://en.wikipedia.org/wiki/Matthew_Lopez
Matthew Riddle,https://en.wikipedia.org/wiki/Matthew_Riddle
Maurice Smith,https://en.wikipedia.org/wiki/Maurice_Smith
Mauricio Rua,https://en.wikipedia.org/wiki/Mauricio_Rua
Max Holloway,https://en.wikipedia.org/wiki/Max_Holloway
Maximo Blanco,https://en.wikipedia.org/wiki/Maximo_Blanco
Melvin Guillard,https://en.wikipedia.org/wiki/Melvin_Guillard
Michael Bisping,https://en.wikipedia.org/wiki/Michael_Bisping
Michael Chiesa,https://en.wikipedia.org/wiki/Michael_Chiesa
Michael Johnson,https://en.wikipedia.org/wiki/Michael_Johnson_(fighter)
Michael Kuiper,https://en.wikipedia.org/wiki/Michael_Kuiper
Michael McDonald,https://en.wikipedia.org/wiki/Michael_McDonald_(fighter)
Michel Prazeres,https://en.wikipedia.org/wiki/Michel_Prazeres
Michihiro Omigawa,https://en.wikipedia.org/wiki/Michihiro_Omigawa
Michinori Tanaka,https://en.wikipedia.org/wiki/Michinori_Tanaka
Mickey Gall,https://en.wikipedia.org/wiki/Mickey_Gall
Miguel Torres,https://en.wikipedia.org/wiki/Miguel_Torres_(fighter)
Mike Brown,https://en.wikipedia.org/wiki/Mike_Brown_(fighter)
Mike De La Torre,https://en.wikipedia.org/wiki/Mike_De_La_Torre
Mike Easton,https://en.wikipedia.org/wiki/Mike_Easton
Mike Guymon,https://en.wikipedia.org/wiki/Mike_Guymon
Mike Kyle,https://en.wikipedia.org/wiki/Mike_Kyle
Mike Massenzio,https://en.wikipedia.org/wiki/Mike_Massenzio
Mike Pierce,https://en.wikipedia.org/wiki/Mike_Pierce
Mike Pyle,https://en.wikipedia.org/wiki/Mike_Pyle_(fighter)
Mike Ricci,https://en.wikipedia.org/wiki/Mike_Ricci_(fighter)
Mike Rio,https://en.wikipedia.org/wiki/Mike_Rio
Mike Russow,https://en.wikipedia.org/wiki/Mike_Russow
Mike Swick,https://en.wikipedia.org/wiki/Mike_Swick
Mike Van Arsdale,https://en.wikipedia.org/wiki/Mike_Van_Arsdale
Mike Wessel,https://en.wikipedia.org/wiki/Mike_Wessel
Mike Whitehead,https://en.wikipedia.org/wiki/Mike_Whitehead
Mike Wilkinson,https://en.wikipedia.org/wiki/Mike_Wilkinson_(fighter)
Mikey Burnett,https://en.wikipedia.org/wiki/Mikey_Burnett
Milton Vieira,https://en.wikipedia.org/wiki/Milton_Vieira
Mirko Filipović,https://en.wikipedia.org/wiki/Mirko_Filipović
Mirsad Bektić,https://en.wikipedia.org/wiki/Mirsad_Bektić
Mitch Clarke,https://en.wikipedia.org/wiki/Mitch_Clarke
Mitch Gagnon,https://en.wikipedia.org/wiki/Mitch_Gagnon
Mizuto Hirota,https://en.wikipedia.org/wiki/Mizuto_Hirota
Mostapha Al-Turk,https://en.wikipedia.org/wiki/Mostapha_al-Turk
Murilo Bustamante,https://en.wikipedia.org/wiki/Murilo_Bustamante
Myles Jury,https://en.wikipedia.org/wiki/Myles_Jury
Márcio Cruz,https://en.wikipedia.org/wiki/Márcio_Cruz
Nah-Shon Burrell,https://en.wikipedia.org/wiki/Nah-Shon_Burrell
Nam Phan,https://en.wikipedia.org/wiki/Nam_Phan
Naoyuki Kotani,https://en.wikipedia.org/wiki/Naoyuki_Kotani
Nate Diaz,https://en.wikipedia.org/wiki/Nate_Diaz
Nate Loughran,https://en.wikipedia.org/wiki/Nate_Loughran
Nate Marquardt,https://en.wikipedia.org/wiki/Nate_Marquardt
Nate Mohr,https://en.wikipedia.org/wiki/Nate_Mohr
Nathan Quarry,https://en.wikipedia.org/wiki/Nathan_Quarry
Neil Grove,https://en.wikipedia.org/wiki/Neil_Grove
Neil Magny,https://en.wikipedia.org/wiki/Neil_Magny
Neil Seery,https://en.wikipedia.org/wiki/Neil_Seery
Nick Catone,https://en.wikipedia.org/wiki/Nick_Catone
Nick Denis,https://en.wikipedia.org/wiki/Nick_Denis
Nick Diaz,https://en.wikipedia.org/wiki/Nick_Diaz
Nick Hein,https://en.wikipedia.org/wiki/Nick_Hein
Nick Osipczak,https://en.wikipedia.org/wiki/Nick_Osipczak
Nick Pace,https://en.wikipedia.org/wiki/Nick_Pace
Nick Ring,https://en.wikipedia.org/wiki/Nick_Ring
Nick Thompson,https://en.wikipedia.org/wiki/Nick_Thompson_(fighter)
Nico Musoke,https://en.wikipedia.org/wiki/Nico_Musoke
Nik Lentz,https://en.wikipedia.org/wiki/Nik_Lentz
Nikita Krylov,https://en.wikipedia.org/wiki/Nikita_Krylov
Niklas Bäckström,https://en.wikipedia.org/wiki/Niklas_Bäckström_(fighter)
Nordine Taleb,https://en.wikipedia.org/wiki/Nordine_Taleb
Norifumi Yamamoto,https://en.wikipedia.org/wiki/Norifumi_Yamamoto
Norman Parke,https://en.wikipedia.org/wiki/Norman_Parke
Oleg Taktarov,https://en.wikipedia.org/wiki/Oleg_Taktarov
Oli Thompson,https://en.wikipedia.org/wiki/Oli_Thompson
Olivier Aubin-Mercier,https://en.wikipedia.org/wiki/Olivier_Aubin-Mercier
Omari Akhmedov,https://en.wikipedia.org/wiki/Omari_Akhmedov
Ovince St. Preux,https://en.wikipedia.org/wiki/Ovince_St._Preux
Pablo Garza,https://en.wikipedia.org/wiki/Pablo_Garza_(fighter)
Papy Abedi,https://en.wikipedia.org/wiki/Papy_Abedi
Pascal Krauss,https://en.wikipedia.org/wiki/Pascal_Krauss
Pat Barry,https://en.wikipedia.org/wiki/Pat_Barry_(fighter)
Pat Healy,https://en.wikipedia.org/wiki/Pat_Healy_(fighter)
Pat Miletich,https://en.wikipedia.org/wiki/Pat_Miletich
Patrick Cummins,https://en.wikipedia.org/wiki/Patrick_Cummins_(fighter)
Patrick Côté,https://en.wikipedia.org/wiki/Patrick_Côté_(fighter)
Patrick Holohan,https://en.wikipedia.org/wiki/Patrick_Holohan
Patrick Smith,https://en.wikipedia.org/wiki/Patrick_Smith_(fighter)
Patrick Williams,https://en.wikipedia.org/wiki/Patrick_Williams_(fighter)
Paul Bradley,https://en.wikipedia.org/wiki/Paul_Bradley_(fighter)
Paul Buentello,https://en.wikipedia.org/wiki/Paul_Buentello
Paul Creighton,https://en.wikipedia.org/wiki/Paul_Creighton
Paul Daley,https://en.wikipedia.org/wiki/Paul_Daley
Paul Felder,https://en.wikipedia.org/wiki/Paul_Felder
Paul Jones,https://en.wikipedia.org/wiki/Paul_Jones
Paul Kelly,https://en.wikipedia.org/wiki/Paul_Kelly_(fighter)
Paul Sass,https://en.wikipedia.org/wiki/Paul_Sass
Paul Taylor,https://en.wikipedia.org/wiki/Paul_Taylor_(fighter)
Paul Varelans,https://en.wikipedia.org/wiki/Paul_Varelans
Paulo Thiago,https://en.wikipedia.org/wiki/Paulo_Thiago
Pedro Munhoz,https://en.wikipedia.org/wiki/Pedro_Munhoz
Pedro Rizzo,https://en.wikipedia.org/wiki/Pedro_Rizzo
Per Eklund,https://en.wikipedia.org/wiki/Per_Eklund_(fighter)
Pete Sell,https://en.wikipedia.org/wiki/Pete_Sell
Pete Spratt,https://en.wikipedia.org/wiki/Pete_Spratt
Pete Williams,https://en.wikipedia.org/wiki/Pete_Williams_(fighter)
Peter Sobotta,https://en.wikipedia.org/wiki/Peter_Sobotta_(fighter)
Phil Baroni,https://en.wikipedia.org/wiki/Phil_Baroni
Phil Davis,https://en.wikipedia.org/wiki/Phil_Davis_(fighter)
Phil De Fries,https://en.wikipedia.org/wiki/Phil_De_Fries
Phil Harris,https://en.wikipedia.org/wiki/Phil_Harris_(fighter)
Phillip Miller,https://en.wikipedia.org/wiki/Phillip_Miller
Phillipe Nover,https://en.wikipedia.org/wiki/Phillipe_Nover
Piotr Hallmann,https://en.wikipedia.org/wiki/Piotr_Hallmann
Quinn Mulhern,https://en.wikipedia.org/wiki/Quinn_Mulhern
Quinton Jackson,https://en.wikipedia.org/wiki/Quinton_Jackson
Rafael Cavalcante,https://en.wikipedia.org/wiki/Rafael_Cavalcante
Rafael Natal,https://en.wikipedia.org/wiki/Rafael_Natal
Rafael dos Anjos,https://en.wikipedia.org/wiki/Rafael_dos_Anjos
Rafaello Oliveira,https://en.wikipedia.org/wiki/Rafaello_Oliveira
Rameau Thierry Sokoudjou,https://en.wikipedia.org/wiki/Rameau_Thierry_Sokoudjou
Ramsey Nijem,https://en.wikipedia.org/wiki/Ramsey_Nijem
Randy Couture,https://en.wikipedia.org/wiki/Randy_Couture
Rani Yahya,https://en.wikipedia.org/wiki/Rani_Yahya
Raphael Assunção,https://en.wikipedia.org/wiki/Raphael_Assunção
Rashad Evans,https://en.wikipedia.org/wiki/Rashad_Evans
Rashid Magomedov,https://en.wikipedia.org/wiki/Rashid_Magomedov
Ray Borg,https://en.wikipedia.org/wiki/Ray_Borg
Reese Andy,https://en.wikipedia.org/wiki/Reese_Andy
Remco Pardoel,https://en.wikipedia.org/wiki/Remco_Pardoel
Renan Barão,https://en.wikipedia.org/wiki/Renan_Barão
Renato Sobral,https://en.wikipedia.org/wiki/Renato_Sobral
Renato Verissimo,https://en.wikipedia.org/wiki/Renato_Verissimo
Renee Forte,https://en.wikipedia.org/wiki/Renee_Forte
Renzo Gracie,https://en.wikipedia.org/wiki/Renzo_Gracie
Reuben Duran,https://en.wikipedia.org/wiki/Reuben_Duran
Reza Madadi,https://en.wikipedia.org/wiki/Reza_Madadi
Ricardo Almeida,https://en.wikipedia.org/wiki/Ricardo_Almeida
Ricardo Funch,https://en.wikipedia.org/wiki/Ricardo_Funch
Ricardo Lamas,https://en.wikipedia.org/wiki/Ricardo_Lamas
Ricardo Ramos,https://en.wikipedia.org/wiki/Ricardo_Ramos_(fighter)
Ricardo Romero,https://en.wikipedia.org/wiki/Ricardo_Romero_(fighter)
Ricco Rodriguez,https://en.wikipedia.org/wiki/Ricco_Rodriguez
Rich Attonito,https://en.wikipedia.org/wiki/Rich_Attonito
Rich Clementi,https://en.wikipedia.org/wiki/Rich_Clementi
Rich Franklin,https://en.wikipedia.org/wiki/Rich_Franklin
Richard Crunkilton,https://en.wikipedia.org/wiki/Richard_Crunkilton
Richard Walsh,https://en.wikipedia.org/wiki/Richard_Walsh_(fighter)
Rick Story,https://en.wikipedia.org/wiki/Rick_Story
Riki Fukuda,https://en.wikipedia.org/wiki/Riki_Fukuda
Roan Carneiro,https://en.wikipedia.org/wiki/Roan_Carneiro
Rob Broughton,https://en.wikipedia.org/wiki/Rob_Broughton
Rob Emerson,https://en.wikipedia.org/wiki/Rob_Emerson
Rob Kimmons,https://en.wikipedia.org/wiki/Rob_Kimmons
Rob MacDonald,https://en.wikipedia.org/wiki/Rob_MacDonald
Robbie Lawler,https://en.wikipedia.org/wiki/Robbie_Lawler
Robbie Peralta,https://en.wikipedia.org/wiki/Robbie_Peralta
Robert Drysdale,https://en.wikipedia.org/wiki/Robert_Drysdale
Robert McDaniel,https://en.wikipedia.org/wiki/Robert_McDaniel
Robert Whittaker,https://en.wikipedia.org/wiki/Robert_Whittaker_(fighter)
Roberto Traven,https://en.wikipedia.org/wiki/Roberto_Traven
Rodney Wallace,https://en.wikipedia.org/wiki/Rodney_Wallace_(fighter)
Rodrigo Damm,https://en.wikipedia.org/wiki/Rodrigo_Damm
Roger Bowling,https://en.wikipedia.org/wiki/Roger_Bowling_(fighter)
Roger Gracie,https://en.wikipedia.org/wiki/Roger_Gracie
Roger Hollett,https://en.wikipedia.org/wiki/Roger_Hollett
Roger Huerta,https://en.wikipedia.org/wiki/Roger_Huerta
Roger Narvaez,https://en.wikipedia.org/wiki/Roger_Narvaez
Roland Delorme,https://en.wikipedia.org/wiki/Roland_Delorme
Rolando Delgado,https://en.wikipedia.org/wiki/Rolando_Delgado
Rolles Gracie,https://en.wikipedia.org/wiki/Rolles_Gracie
Ron Stallings,https://en.wikipedia.org/wiki/Ron_Stallings
Ron Waterman,https://en.wikipedia.org/wiki/Ron_Waterman
Ron van Clief,https://en.wikipedia.org/wiki/Ron_van_Clief
Ronald Jhun,https://en.wikipedia.org/wiki/Ronald_Jhun
Ronaldo Souza,https://en.wikipedia.org/wiki/Ronaldo_Souza
Ronny Markes,https://en.wikipedia.org/wiki/Ronny_Markes
Rony Mariano Bezerra,https://en.wikipedia.org/wiki/Rony_Mariano_Bezerra
Rory MacDonald,https://en.wikipedia.org/wiki/Rory_MacDonald_(fighter)
Rory Markham,https://en.wikipedia.org/wiki/Rory_Markham
Rory Singer,https://en.wikipedia.org/wiki/Rory_Singer
Ross Pearson,https://en.wikipedia.org/wiki/Ross_Pearson
Rousimar Palhares,https://en.wikipedia.org/wiki/Rousimar_Palhares
Roy Nelson,https://en.wikipedia.org/wiki/Roy_Nelson_(fighter)
Royce Alger,https://en.wikipedia.org/wiki/Royce_Alger
Royce Gracie,https://en.wikipedia.org/wiki/Royce_Gracie
Royston Wee,https://en.wikipedia.org/wiki/Royston_Wee
Ruan Potts,https://en.wikipedia.org/wiki/Ruan_Potts
Ruslan Magomedov,https://en.wikipedia.org/wiki/Ruslan_Magomedov
Russell Doane,https://en.wikipedia.org/wiki/Russell_Doane
Rustam Khabilov,https://en.wikipedia.org/wiki/Rustam_Khabilov
Ryan Bader,https://en.wikipedia.org/wiki/Ryan_Bader
Ryan Benoit,https://en.wikipedia.org/wiki/Ryan_Benoit
Ryan Couture,https://en.wikipedia.org/wiki/Ryan_Couture
Ryan Hall,https://en.wikipedia.org/wiki/Ryan_Hall
Ryan Janes,https://en.wikipedia.org/wiki/Ryan_Janes_(fighter)
Ryan Jensen,https://en.wikipedia.org/wiki/Ryan_Jensen_(fighter)
Ryan Jimmo,https://en.wikipedia.org/wiki/Ryan_Jimmo
Ryan LaFlare,https://en.wikipedia.org/wiki/Ryan_LaFlare
Ryan Thomas,https://en.wikipedia.org/wiki/Ryan_Thomas_(fighter)
Ryo Chonan,https://en.wikipedia.org/wiki/Ryo_Chonan
Sage Northcutt,https://en.wikipedia.org/wiki/Sage_Northcutt
Sako Chivitchian,https://en.wikipedia.org/wiki/Sako_Chivitchian
Sam Adkins,https://en.wikipedia.org/wiki/Sam_Adkins_(fighter)
Sam Alvey,https://en.wikipedia.org/wiki/Sam_Alvey
Sam Hoger,https://en.wikipedia.org/wiki/Sam_Hoger
Sam Sicilia,https://en.wikipedia.org/wiki/Sam_Sicilia
Sam Stout,https://en.wikipedia.org/wiki/Sam_Stout
Sammy Morgan,https://en.wikipedia.org/wiki/Sammy_Morgan_(fighter)
Samy Schiavo,https://en.wikipedia.org/wiki/Samy_Schiavo
Sanae Kikuta,https://en.wikipedia.org/wiki/Sanae_Kikuta
Satoshi Honma,https://en.wikipedia.org/wiki/Satoshi_Honma
Scott Ferrozzo,https://en.wikipedia.org/wiki/Scott_Ferrozzo
Scott Jorgensen,https://en.wikipedia.org/wiki/Scott_Jorgensen
Scott Smith,https://en.wikipedia.org/wiki/Scott_Smith_(fighter)
Sean Alvarez,https://en.wikipedia.org/wiki/Sean_Alvarez
Sean McCorkle,https://en.wikipedia.org/wiki/Sean_McCorkle
Sean O'Connell,https://en.wikipedia.org/wiki/Sean_O'Connell_(fighter)
Sean O'Malley,https://en.wikipedia.org/wiki/Sean_O'Malley_(fighter)
Sean Pierson,https://en.wikipedia.org/wiki/Sean_Pierson
Sean Salmon,https://en.wikipedia.org/wiki/Sean_Salmon
Sean Sherk,https://en.wikipedia.org/wiki/Sean_Sherk
Sean Soriano,https://en.wikipedia.org/wiki/Sean_Soriano
Sean Spencer,https://en.wikipedia.org/wiki/Sean_Spencer_(fighter)
Sean Strickland,https://en.wikipedia.org/wiki/Sean_Strickland
Semmy Schilt,https://en.wikipedia.org/wiki/Semmy_Schilt
Sergio Moraes,https://en.wikipedia.org/wiki/Sergio_Moraes
Sergio Pettis,https://en.wikipedia.org/wiki/Sergio_Pettis
Seth Baczynski,https://en.wikipedia.org/wiki/Seth_Baczynski
Seth Petruzelli,https://en.wikipedia.org/wiki/Seth_Petruzelli
Shamar Bailey,https://en.wikipedia.org/wiki/Shamar_Bailey
Shane Carwin,https://en.wikipedia.org/wiki/Shane_Carwin
Shane Howell,https://en.wikipedia.org/wiki/Shane_Howell
Shane Nelson,https://en.wikipedia.org/wiki/Shane_Nelson_(fighter)
Shane Roller,https://en.wikipedia.org/wiki/Shane_Roller
Shane del Rosario,https://en.wikipedia.org/wiki/Shane_del_Rosario
Shannon Gugerty,https://en.wikipedia.org/wiki/Shannon_Gugerty
Shawn Jordan,https://en.wikipedia.org/wiki/Shawn_Jordan
Sheldon Westcott,https://en.wikipedia.org/wiki/Sheldon_Westcott
Sherman Pendergarst,https://en.wikipedia.org/wiki/Sherman_Pendergarst
Shonie Carter,https://en.wikipedia.org/wiki/Shonie_Carter
Simeon Thoresen,https://en.wikipedia.org/wiki/Simeon_Thoresen
Siyar Bahadurzada,https://en.wikipedia.org/wiki/Siyar_Bahadurzada
Soa Palelei,https://en.wikipedia.org/wiki/Soa_Palelei
Solomon Hutcherson,https://en.wikipedia.org/wiki/Solomon_Hutcherson
Spencer Fisher,https://en.wikipedia.org/wiki/Spencer_Fisher
Stanislav Nedkov,https://en.wikipedia.org/wiki/Stanislav_Nedkov
Stefan Struve,https://en.wikipedia.org/wiki/Stefan_Struve
Stephan Bonnar,https://en.wikipedia.org/wiki/Stephan_Bonnar
Stephen Thompson,https://en.wikipedia.org/wiki/Stephen_Thompson_(fighter)
Steve Berger,https://en.wikipedia.org/wiki/Steve_Berger
Steve Bruno,https://en.wikipedia.org/wiki/Steve_Bruno
Steve Cantwell,https://en.wikipedia.org/wiki/Steve_Cantwell
Steve Jennum,https://en.wikipedia.org/wiki/Steve_Jennum
Steve Nelmark,https://en.wikipedia.org/wiki/Steve_Nelmark
Steve Steinbeiss,https://en.wikipedia.org/wiki/Steve_Steinbeiss
Steve Vigneault,https://en.wikipedia.org/wiki/Steve_Vigneault
Steven Siler,https://en.wikipedia.org/wiki/Steven_Siler
Stipe Miocic,https://en.wikipedia.org/wiki/Stipe_Miocic
Sultan Aliev,https://en.wikipedia.org/wiki/Sultan_Aliev
T.J. Dillashaw,https://en.wikipedia.org/wiki/T.J._Dillashaw
TJ Grant,https://en.wikipedia.org/wiki/TJ_Grant
TJ Waldburger,https://en.wikipedia.org/wiki/TJ_Waldburger
Takanori Gomi,https://en.wikipedia.org/wiki/Takanori_Gomi
Takenori Sato,https://en.wikipedia.org/wiki/Takenori_Sato
Takeya Mizugaki,https://en.wikipedia.org/wiki/Takeya_Mizugaki
Tamdan McCrory,https://en.wikipedia.org/wiki/Tamdan_McCrory
Tarec Saffiedine,https://en.wikipedia.org/wiki/Tarec_Saffiedine
Tatsuya Kawajiri,https://en.wikipedia.org/wiki/Tatsuya_Kawajiri
Tedd Williams,https://en.wikipedia.org/wiki/Tedd_Williams
Teemu Packalen,https://en.wikipedia.org/wiki/Teemu_Packalen
Teila Tuli,https://en.wikipedia.org/wiki/Teila_Tuli
Terry Etim,https://en.wikipedia.org/wiki/Terry_Etim
Terry Martin,https://en.wikipedia.org/wiki/Terry_Martin_(fighter)
Thales Leites,https://en.wikipedia.org/wiki/Thales_Leites
Thiago Alves,https://en.wikipedia.org/wiki/Thiago_Alves_(fighter)
Thiago Perpétuo,https://en.wikipedia.org/wiki/Thiago_Perpétuo
Thiago Santos,https://en.wikipedia.org/wiki/Thiago_Santos_(fighter)
Thiago Silva,https://en.wikipedia.org/wiki/Thiago_Silva_(fighter)
Thiago Tavares,https://en.wikipedia.org/wiki/Thiago_Tavares
Thomas Almeida,https://en.wikipedia.org/wiki/Thomas_Almeida
Tiequan Zhang,https://en.wikipedia.org/wiki/Tiequan_Zhang
Tiki Ghosn,https://en.wikipedia.org/wiki/Tiki_Ghosn
Tim Boetsch,https://en.wikipedia.org/wiki/Tim_Boetsch
Tim Credeur,https://en.wikipedia.org/wiki/Tim_Credeur
Tim Elliott,https://en.wikipedia.org/wiki/Tim_Elliott
Tim Hague,https://en.wikipedia.org/wiki/Tim_Hague
Tim Kennedy,https://en.wikipedia.org/wiki/Tim_Kennedy_(fighter)
Tim Lajcik,https://en.wikipedia.org/wiki/Tim_Lajcik
Tim McKenzie,https://en.wikipedia.org/wiki/Tim_McKenzie
Tim Means,https://en.wikipedia.org/wiki/Tim_Means
Tim Sylvia,https://en.wikipedia.org/wiki/Tim_Sylvia
Tito Ortiz,https://en.wikipedia.org/wiki/Tito_Ortiz
Todd Duffee,https://en.wikipedia.org/wiki/Todd_Duffee
Tom Breese,https://en.wikipedia.org/wiki/Tom_Breese
Tom DeBlass,https://en.wikipedia.org/wiki/Tom_DeBlass
Tom Duquesnoy,https://en.wikipedia.org/wiki/Tom_Duquesnoy
Tom Lawlor,https://en.wikipedia.org/wiki/Tom_Lawlor
Tom Niinimäki,https://en.wikipedia.org/wiki/Tom_Niinimäki
Tom Speer,https://en.wikipedia.org/wiki/Tom_Speer
Tom Watson,https://en.wikipedia.org/wiki/Tom_Watson_(fighter)
Tomasz Drwal,https://en.wikipedia.org/wiki/Tomasz_Drwal
Tony DeSouza,https://en.wikipedia.org/wiki/Tony_DeSouza
Tony Ferguson,https://en.wikipedia.org/wiki/Tony_Ferguson_(fighter)
Tony Fryklund,https://en.wikipedia.org/wiki/Tony_Fryklund
Tony Halme,https://en.wikipedia.org/wiki/Tony_Halme
Tony Martin,https://en.wikipedia.org/wiki/Tony_Martin_(fighter)
Tor Troéng,https://en.wikipedia.org/wiki/Tor_Troéng
Townsend Saunders,https://en.wikipedia.org/wiki/Townsend_Saunders
Tra Telligman,https://en.wikipedia.org/wiki/Tra_Telligman
Travis Browne,https://en.wikipedia.org/wiki/Travis_Browne_(fighter)
Travis Fulton,https://en.wikipedia.org/wiki/Travis_Fulton
Travis Lutter,https://en.wikipedia.org/wiki/Travis_Lutter
Travis Wiuff,https://en.wikipedia.org/wiki/Travis_Wiuff
Trent Jenkins,https://en.wikipedia.org/wiki/Trent_Jenkins
Trevor Prangley,https://en.wikipedia.org/wiki/Trevor_Prangley
Trevor Smith,https://en.wikipedia.org/wiki/Trevor_Smith_(fighter)
Tsuyoshi Kohsaka,https://en.wikipedia.org/wiki/Tsuyoshi_Kohsaka
Tyler Toner,https://en.wikipedia.org/wiki/Tyler_Toner
Tyron Woodley,https://en.wikipedia.org/wiki/Tyron_Woodley
Tyson Griffin,https://en.wikipedia.org/wiki/Tyson_Griffin
Tyson Pedro,https://en.wikipedia.org/wiki/Tyson_Pedro
Ulysses Gomez,https://en.wikipedia.org/wiki/Ulysses_Gomez
Uriah Hall,https://en.wikipedia.org/wiki/Uriah_Hall
Urijah Faber,https://en.wikipedia.org/wiki/Urijah_Faber
Vagner Rocha,https://en.wikipedia.org/wiki/Vagner_Rocha
Vaughan Lee,https://en.wikipedia.org/wiki/Vaughan_Lee_(fighter)
Vernon White,https://en.wikipedia.org/wiki/Vernon_White_(fighter)
Vik Grujic,https://en.wikipedia.org/wiki/Vik_Grujic
Viktor Pešta,https://en.wikipedia.org/wiki/Viktor_Pešta
Vinc Pichel,https://en.wikipedia.org/wiki/Vinc_Pichel
Vinicius Queiroz,https://en.wikipedia.org/wiki/Vinicius_Queiroz
Vinny Magalhães,https://en.wikipedia.org/wiki/Vinny_Magalhães
Viscardi Andrade,https://en.wikipedia.org/wiki/Viscardi_Andrade
Vitor Belfort,https://en.wikipedia.org/wiki/Vitor_Belfort
Vitor Miranda,https://en.wikipedia.org/wiki/Vitor_Miranda
Vladimir Matyushenko,https://en.wikipedia.org/wiki/Vladimir_Matyushenko
Wagner Prado,https://en.wikipedia.org/wiki/Wagner_Prado
Walel Watson,https://en.wikipedia.org/wiki/Walel_Watson
Wallid Ismail,https://en.wikipedia.org/wiki/Wallid_Ismail
Walt Harris,https://en.wikipedia.org/wiki/Walt_Harris_(fighter)
Wanderlei Silva,https://en.wikipedia.org/wiki/Wanderlei_Silva
War Machine,https://en.wikipedia.org/wiki/War_Machine_(fighter)
Warlley Alves,https://en.wikipedia.org/wiki/Warlley_Alves
Waylon Lowe,https://en.wikipedia.org/wiki/Waylon_Lowe
Wes Sims,https://en.wikipedia.org/wiki/Wes_Sims_(fighter)
Wesley Correira,https://en.wikipedia.org/wiki/Wesley_Correira
Will Brooks,https://en.wikipedia.org/wiki/Will_Brooks_(fighter)
Will Campuzano,https://en.wikipedia.org/wiki/Will_Campuzano
Willamy Freire,https://en.wikipedia.org/wiki/Willamy_Freire
William Macário,https://en.wikipedia.org/wiki/William_Macário
Wilson Gouveia,https://en.wikipedia.org/wiki/Wilson_Gouveia
Wilson Reis,https://en.wikipedia.org/wiki/Wilson_Reis
Yair Rodríguez,https://en.wikipedia.org/wiki/Yair_Rodríguez
Yancy Medeiros,https://en.wikipedia.org/wiki/Yancy_Medeiros
Yaotzin Meza,https://en.wikipedia.org/wiki/Yaotzin_Meza
Yasuhiro Urushitani,https://en.wikipedia.org/wiki/Yasuhiro_Urushitani
Yoel Romero,https://en.wikipedia.org/wiki/Yoel_Romero
Yoji Anjo,https://en.wikipedia.org/wiki/Yoji_Anjo
Yosdenis Cedeno,https://en.wikipedia.org/wiki/Yosdenis_Cedeno
Yoshihiro Akiyama,https://en.wikipedia.org/wiki/Yoshihiro_Akiyama
Yoshiyuki Yoshida,https://en.wikipedia.org/wiki/Yoshiyuki_Yoshida
Yui Chul Nam,https://en.wikipedia.org/wiki/Yui_Chul_Nam
Yuki Kondo,https://en.wikipedia.org/wiki/Yuki_Kondo
Yuki Sasaki,https://en.wikipedia.org/wiki/Yuki_Sasaki
Yuri Villefort,https://en.wikipedia.org/wiki/Yuri_Villefort
Yushin Okami,https://en.wikipedia.org/wiki/Yushin_Okami
Yuta Sasaki,https://en.wikipedia.org/wiki/Yuta_Sasaki
Yves Edwards,https://en.wikipedia.org/wiki/Yves_Edwards
Yves Jabouin,https://en.wikipedia.org/wiki/Yves_Jabouin
Zach Light,https://en.wikipedia.org/wiki/Zach_Light
Zach Makovsky,https://en.wikipedia.org/wiki/Zach_Makovsky
Zak Cummings,https://en.wikipedia.org/wiki/Zak_Cummings
Zak Ottow,https://en.wikipedia.org/wiki/Zak_Ottow
Zane Frazier,https://en.wikipedia.org/wiki/Zane_Frazier
Zubaira Tukhugov,https://en.wikipedia.org/wiki/Zubaira_Tukhugov
Érik Pérez,https://en.wikipedia.org/wiki/Érik_Pérez
